Channel,Revenue_Generated,Revenue_Contribution_%
CDC+TV,2491380.525717977,43.49224882574143
TOTAL+TV,1494773.2152970775,26.09438740756749
SALT+TV,1216196.9413273232,21.231256906477597
EQUITY+DIGITAL,284790.4977696862,4.971612752185436
PANJAVED+DIGITAL,234579.1356265864,4.095068589756547
SALT+DIGITAL,6551.236279663611,0.11436550757706612
CDC+DIGITAL,58.48432266344227,0.0010209659614122373
TOTAL+DIGITAL,2.2366120424879377,3.904473302026069e-05
