Channel,Actual_Spend,Revenue_Generated,ROAS
CDC+DIGITAL,31.5221,58.48432266344227,1.855343478494208
SALT+DIGITAL,4203.362799999999,6551.236279663611,1.5585702665645735
TOTAL+TV,4738150.0,1494773.2152970775,0.3154761278762972
PANJAVED+DIGITAL,1016093.1665999999,234579.1356265864,0.2308638059357523
SALT+TV,7334625.0,1216196.9413273232,0.16581583125617508
CDC+TV,19802350.0,2491380.525717977,0.12581236700280407
EQUITY+DIGITAL,9517505.151710872,284790.4977696862,0.029922809941268287
TOTAL+DIGITAL,94.2542,2.2366120424879377,0.023729574305314114
